{"file_hashes":[{"block_hashes":["MfKIggl3OGbKS4T2jN5i4+Lu0CyJoL/XcWcwsNoGLmI=","5L+wfEuYZrB2obzP+uOELaPNekZhSK8XlNZ9X0LX5tw=","t6Ceo6wrPeFsKP4h9m/qDqJ+xvH6QSjFIIybIBWBCT4=","yYG2G2vhMCIbytwEBVAHVXR7sVkpWV/ZXsXZe7Re8dE=","ES+bnqiEQPbD+Rjm2YQC05kqY+Hmxx85I7+HXYfaMoM=","26sJ5kASmg/3qCtJA6q1sRyvsK6Nq9UN5vjeTuQ09LI=","DteRTYwrlGrZotfh+KkT6Po4yUWum5UWhUok3vfCeSg=","Tjjx68JSEv31JOWoD2rHyb5MzebgBW/09EC/nliDb/A=","YPWmm3v6HGM7xSXAQsRKmsjhNjUGeANJF8zJo1YpmKU=","x243ENaIV/NMeD9NRUjUXVc/On6xewkQ7X/tR4rEyuU=","qoLVpT63QL2LzIEHXpQyW4WQqHbkRTyomvoo4SK4RXg=","DKOGIuCcNSSDb5bQ1VjLd6xBP03SHhaY2JWe+44oG8w=","w7nXtzCPSn13RyAYtTPwzb0Ak6GJJdhEJs1BDMKI6Us=","+cdmNRE3fPKPS1lgHEK2RhYve+kaooLKIw0snFQOeNU=","LXzxvk+PPBiMfujvitzahALno3xQRIm7KxJlHSjHv7k=","bDRBYfOwaHQoAuNoMjKwLGbH+sxEN0J3Pk+GI8oNSuI=","32pr+95uaoYztX15yVWg5A5C8C8f6Hd3jAcjbNQTDLw=","v6rc4tFq5gVfHYzgMy37RZpSaTPP00WaVaf7IokTjsY=","hLvI5bdOjszxR6QIrwuasuZQr1TgKq4mSKq4xZCXv74=","m9m5Us8eoJNhMFzubDxRfpdV24i2HJRHfiogIH7yZX8=","311okoe97XQ3AzT9pAE6842vcmW0ziyS79oG4mK3/Ko=","z0IpV9as32RkGq8kXcVrkUyLWB9dTZOubiSkDOR6xKs=","r6NcaZEH2JhQ1Lze4HS1qdBkCYNKh2vN7KJ7HAYhJyM=","00247CqZwwl0ihzOVBpSnd8iPraMzr6o5Hjq7b+WfRQ=","KLP2LJm0WxUTYermrHl9jI4h7rU9IbC9YwDsXotZ3jM=","oLqQOwJkgfmk3JF8Wo2TMBgw9udwvI4IxP7Vqe7/V/E=","nLJC9gU1rmX2scoq8S4VAVgD1AyZqoDH5In00nMjhCY=","+mZBK13zOStGdqpExJn6QK8QkZ5N9/vDb6x9EwQc9kI=","sz8FKMIr/If1fj5zQ/BbCn4H7jfrNXh4yqSXKA+WwaQ=","UdBjyXyNYhlpwkM2dQQXnLOv1XLT1tP3VIhwQWavRY4=","X+TVUrB6hZVrOgt9Xv3cvQ7RPzQWLL7dfVXVeJz6UKE=","yABaxYvB1NKsjZHa7OU4k6FTuvEM+4P0HHkMWj4Oa9I=","2MHxZQ1FpyWjerWVqjVybN3cu2ySSnOEQzrDFL/7geY=","w+YA/XIRVQOZY09rNasfMPo2D9tvBErT7RO8XAIfmhE=","z3Mjwt4SYQGov7313nRkFALFsTOt1amN32OV9MGS2GA=","Tq6dSPFvW9lZavAq6+aCeDJ5GXNYO6LMW6U30uOaMnE=","GkuOcEZrHBPbT5iKqiDn6ZHIyDmgNNSUFEAxDldQXFU="],"block_size":4096,"path":"build/backend.js"},{"block_hashes":["Rw0ZMeSsmuB5PAu+GCEt4xVqDSX90XH4E1gTVZtQW9Y="],"block_size":4096,"path":"build/background.js"},{"block_hashes":["0lfPlWpqNDaJKZqjFWN+xTR1eYejK8ydWGWjsMelWNA="],"block_size":4096,"path":"build/detector.js"},{"block_hashes":["2pYzvuGtulhBtgkz3kTkx1Q/mSJ9uAfAeXPmXeK//Do="],"block_size":4096,"path":"build/devtools-background.js"},{"block_hashes":["wIE5TNJDDZf9KP6K/jIWmJrA2XIKQqTxDWOhkk6mcIU=","+E6WAit2By7kt2Ewy5pi7XO+8pCFQOYpBRIIwRDWnJ8=","aAesffdJW6+EATi97jTIcphs1oCQKHNcgyZzyWTGtqU=","FV/bsm8EGtzPsLM12UDt261p3JzQH3V1d337RASEp74=","VxJVAjLtNy4FLw/VxQixef4IyMX/PvWtnTfqGSgewkk=","9Y7Gv7wIhNxTlsNO4CsNyKABEK+XS6snknR+8GSgJ/E=","JOLjDqoxmCRbt5fuiF+Mn03i48UGqWy8VhSxGwCBGfk=","g0D/HZGxeutwHJmaa8lOkj7nKxM65wUrt5s7B3riyhk=","Bq5OgHehTWPhucERqtMc+nc92+5O9MsH38n7AKLzqCo=","aH+pStZOZgfI9JEhRtW+gBDlbkqnnAgKOOxiHztooRM=","J4igp3QuDgrPZ09xv2TmWdJaUm313bR5E9xInAtiqng=","Pyfb5x5cq+jXFi9uh/yoGpLZXOluj1d5kC7nBdwOv7U=","OTh6A9YFeZGr+WxX29rcZEIosxAEeoJ8f13VykXkDZo=","d3dAOpv9GvJCHXNWx0pezuQ5G9dOZ7I63ggxKaSEa14=","Atn1K49BhnoqleP8RZCpy6uYbPz3sLq98RL/SmxraTk=","Xe9mAf+YOPWRoT1YQzsGqXzKep+MG8v+rm9NbltgQv4=","OSJuHkEfpn/yzZ136zzX/iWwh3nvlKgLkDWhiLnm504=","BFk5t21RmZkgz9iV/jf08mGNCuPJBmQ1uTcsps00XoQ=","ztP634m5RYZusir4wePz/Tb5rSD4agbCpoptc0Wfr2s=","NuF0X0nyzbzEa/YD0QwOmbU9T4dn8bU8dN9UiQ9EA5o=","jtQW/0AmSeNy2h4yLQJHuhMzy82mBv2+ybRM96d6uM0=","p71Pga9R5TfE2/om3UE+oyMIRRoq3Wu/ycWJvSEETgM=","caWSo6nHO0koJdPCshX0etU8WpyQYfUX/okTF0hTJvU=","VRL7W2ohRJE7rgVo/t8LfNpL9LOdtTnCkIYMc03++KE=","KaetiUEE2cueEpQiidvIpnLdqcC3JuxlQwAeswcxTps=","rTFmVGswxWzxb1fCNUWa6EKshdUFbcXFM4siBVBW65U=","2oEeTdW+FvfgANkum4EmwQg2eofbfwez/E8EnUkVmJo=","k7Jg/MYLUIQnlw7Q0Uhw0KHDRRDnDvDFWm8+DL+N3tg=","gQ7wOFzySZVzmTjqlYa7BLWGbWIFASKXL7V6JI98YSU=","Y+l2nyIODS5NvrLJ2JV7jtl3g4Ns00+TbvsRSy+o0Rw=","c2gqAxnpZV7SeXlEyNwUQz0uo7iA2HCaFkLWx0NHwnM=","bFUgc4tLmPGtOxUp01bye6ReAH3rOAG0XucUu1K4YoY=","z6bPQG5zaYmTnnCIBmYWCBWwzH4qQlrAof+3razX1JU=","J/MqSB6SKXnBIF5eLi0fyrq+PV725qFcjRD7wTG0TSc=","azMeEu4zKSmUwkZpPZ3c2oEZR2IfHBcj6/Jffvwl2YM=","AtXR/z5Y/cWVwWGFAccc4YGege7csxYidSux1vkqfEA=","VNzd6uT1z3raHJt0jmMYVnyb4tw6QaHHz7lctxCDjdQ=","9ibJZl85d0f12m0c11/eZEzr9EMSRM7Yh9klB4fodNg=","boi7Qsopd0vRHpaKWbpKXzlauHQdcv6kO7H2lBH6j+U=","70kbGn9s89f/l/R7z0pm34zkEBdgqLE7fNNkhJP569E=","5QckRQ2Y7nh071vcGRRyS38iCnORhyLf6XjWkPwz+VU=","Xe61CxdTyvOEOhtQXJjwy7dCVSLeIdjMxcjhKFdG4+8=","b0qoEjyalzWQ+tydyCO/3/bDgvy+VycgBzKjuSWYaXI=","CVtwj8SFgDnPE6aiVYTgGx7w9o0mEGGquNp6OsLccfM=","MqhFVBZit0Cf0t4MltX21I8zFPeg4MwckAHLwGAY8Uo=","bbeMBytLNIjpBt37wnH9fTNce4Bvb08xqhl8KpwQULw=","VHPSV+F+IPlFryHvo8wavx8NISLdvvvPBuAW8ohJfT4=","cq8ry8Ssnc6eOE2GbCZUOcQOdWbxrB8SEdC5JSI/d1Y=","cS4zbep3zfQC5PhSD6zMa9fwkAZ9qP/T7uno9tL5+9E=","lnrQ9Z5Nx02Dlc6+7ghqkb/bawKC05gy/Ix9IlOHSac=","AEx9f7Q8h6o+lp8JheF6yl5l9c8ZBFHqPjEL86aer5w=","DVJoXWz2VGixT8FzSQHaSjYLunm3wYAy/wYXk4aPeds=","NW+P+Egg0OMWPgIznj9TZ9eklUyc4ZayiXtKNm6Hoew=","IE34JVlhqq/QUF2Dvs4My0yeJHeVSJRFK+daG3sDAnA=","ODaA60AYE93dGmFepX2qScWd6WsZUaf/gd8W/zbYjkY=","Ta8JJjBEjysxL/dhzP6aVUx9kyjfzi6kd/yrlGZXcho=","B2NfX4VJoCPQ8mxhqPAotq6pbr6joYSiZAnuw2kKw38=","jvuHDcceZjbRt0NYMHRRbycGQCeA07FDBszqv5EGZZU=","H38bt1tV3mACdvwJUz/dOpFWHkhXaBGDsQNSeB0hIFY=","sKOlfKXz7AasdgOcn/MBXLu/SQh7eBG4oJI27G4OvQA=","4xXBW9zDB3cuqLQUUX/IYqHXEJSMJJa9969sgMxy29A=","Ck9KpWv2dSVYN7AS3uZLOB+ysPRFM2865rRS3kzjomQ=","d5FAKj8HgOsN4X1IDF4DnHANZyZgWBIM7B4j71EV3Ck=","hlKGNMhq6TDl//hk1gKEpYDujbihGydmSJlI8vS+VqE=","phn30pFRpJBiCXZ4BrzAP0LDpgy3WrcmI7BmPZluT4E=","vGyH+MkYApaxYB/qvLcCSdd7udO2dKK8y/is1xn5N6M=","xAVls2DQios6pLI9zA+7BQP/vdUsCXPmuQEdnZISoRU=","NjMO6dOJNg1A+l1Zaq+uVSceqQFO0BSVX0pYvYAvoQs=","qZE0lKzRvNvVe+ftIMaOMVKBTTW8O8cJthmeTQq5wYE=","1Lwq3atEALVehhDAmA4lNCkyt3NC4k+bT8aWugvm8tU=","oO8wTLdtEuUC1r715K2iBjOHWMBL4xFNRobY/LbRgHE=","r6jt0pQ9LbGuqVxF/1iKxXX2DpQRAfI9ZeuFpF2tr2Q=","Wu0WOP/8AECDNui8GHAIAtcvV+tnqdW2M0f/se+0NLI=","KHHDslQMcRBkvwsFm6NzHiJbibEeXL2aLltv6T66CN0=","YHoJVYvXHllMjNoO4Em3NirrGmFSTMJc1pcdLq1gpFQ=","R24GkqBHLFanF6zVLi6ADtxPINI2uqO47R53aqF5nzY=","hOme8Byd2r42gk/GovGbhH0GJxlT2wbbGj17Af6qaW0=","b8TtnN5oI3tEREp8w36gOsrid8fAn8mfXb+9Q8z6BE0=","D15WjR/f3oC2JkOrL64oXUP6fO9OKTP8bmT7y0X9flk=","54dGzbB0UIFWrtEc/jVgaDrEMCMOAgj1QLm1GN314w0=","KSBlz1Aab8hwLItZDe/Kl5/85qqx9rn9ypRuAdlUW28=","mUGzJ7bUgojUmFF8LXl15MlmBVHx/4H2vcuFxW+xCOg=","tGN32fRzu9iNW4uFXLJFEgRoShpMG79ebOGSW+ANSPs=","DdkjniKun5dL5z8WfDAwChetNfzDt+rCyMaUcORZGnk=","p5NBmHGCPIONag2Y0lHZNw64zkP/KQlOn8r1KYPcJEE=","ZdhxjRefNxWYl83BPYq00EYgZELJHEAVP1iflUAgrPs=","0kXDjpXdruhdwBz9vQ5Y5VSuOdpww5WZedqRn2kbyd8=","Ia9pVZ4W5Yuh3afhihkw9+vTlQv9E/oi/rtXlfIZr/E=","38tMQmTCXkbOZCyHLc8PZ/hqgfBSJ4tKZ7fPeOH7A4Y=","Z+h7YG7zA2RsAO0YktH9xEe927SJDQF3+NH+jgcACHo=","22sP/VuMw98xuH/3Zp2zADp1ssGeFdtzxYd0dLe4hc8=","i0JhOFZSk7PZ6nCnd9vI084MvTPCy55CQ5YoFKyf6Nk=","MQ/0oaUd+n5bnMhyBSu470huZDtzRujCT1esudmul6M=","WXdh+vBqGaorNx7weDfEkX0+O01alHYEs/TlXklubOY=","5B6hjo339zVkqq+3YwtsRTO5WMskXmQbiZ6UQbBd3tI=","SMIBlvPBCWA06WAj+XKy+fnx+Qodlm62y6AH54Fc/eg=","T3helLnJpJx37V9rKbzuWjSt3o4rI60T8cWqg+qeCmU=","ZSpu4qbz7UrtK/IM+c1Auk+HtAsiMh/Icw79/Z9rR1U=","5NNFbAt/4egZiPBxBL7unXL6no8XHsXj6UQu763awUE=","1KPzAt33HnCPqm/h4QNRqD9P7x+KnlbNoDtUTf1BvfA=","i6lZA5WN9YOwBg7rmMVWUnS35GMbmKS0KFidmldnhgE=","xjrTBPYMAxlsH7ndGSF9isv6pPocgNb83hl1AuyOK/I=","nLQnhYrRPpffrlftq8zi/XrzVUXFwaF9zbnKGFqTYow=","SQHNr0l5bez4becQTY5V2GS25V7TVMzs2bsZecbIlNg=","2mnE8aYAWqsPVe7Le1zA1Q3KtXUuPj6Oai2LpCYT/+E=","GNdJ+IeMoDXk512Imkb2HWecyIlbLt8akiIqqHo7x/A=","z+7QKQQcvwgfarLwQsef3j5i9OTW9xMAHLOU1GIl9lU=","vzGAZ5WLpkyt0aDZy6/rSZdji1Xaqx+SySjz+s1zo60=","b+TzbfhYS9kdJogP7n67UDQt35bW2yh3PgntUbXcsdQ=","2Rn2x3MK58BlkCSaKvxOERUoTORIoMAWdTA46FOm6t4=","HRGjevTWAF5If3wXi7UFajRej2jMQZlEYCIvnCdr8oU=","aDhQOAe+3U40gtXKCExlc6gVN8cS1WgrYCeT4/8y44A=","jRdbqYarHQBG5N6F7uI6C44Qz8DXDxevctHXBTM9KA0=","xrm05ULtd3uEfnVC/oGILe4xhlMuJkJhoLHcYwCNM+k=","N+CvrWqm1L8WSSFT27olRaCW4dgA2nTcOChdqAFkmzM=","wIHmOgOztjlCqeVqR3SCpKlg11kSbFekwY5b+SdqViw=","X2UlNfhCFbY0z9uc2lhf9DN9SMRt4kPBEJzDEgfxqiQ=","JB+8+3Qt0BikfUQpQmIWri0SVX1IEJ1NX+JcP+O5mIE=","R8UHKilFeFzYabkbtRngeZ0iLTxVr0Ael95vpAOB0tA=","akYIxcMwHoZHAtfNG2nrx1gGOKUZBYldYH1xXAI9sMc=","4PX24Ts8orlPxCk0rLj6l3Wi+SY6KglAYY9ns8D98QA=","96Gu/HOluqDWd7TkbgOk1i3aYuHpbEumsbWlXQBHDtc=","CW8o/MuHzaKuEa6d8zUQ6Vu/LV378lMnQ8IA8QnU0z8=","7w/eZWha3xYW29bAUNFvAYwG6efwiD8DHdeCB9V1WA0=","xh6rF8Ghy1nGvX3pbFQDhduXzbXxWfOmSHTylLh5MVw=","53wP23yhqKQyJA6AkqtcKunSKwaN6/6NPUz7Sysf7Eo=","+gK2suy4/mh1/rhNZxmqndZIQkzk8gqrPqAfrLR6SQE=","sDwtjfKZAbS6Nx/ydaRx57wQygwpjKYFLHJxjeNXC8I=","2PxMXkvao/eX71cdcqeDM9PUU8AhrrdeGPqy1skmRps=","TDugHjLFgk6kDDdWyiZSQc/SGvpFAe965XVY2MAATlc=","d0zk4sARr2FbNqzLd50erzSSXb8DSgzmJ65A9K3NV30=","5QAJ4zgyhhIoJEedWtWd6h9h5daaWykrC1iIJup5xPk=","5GuSWtWicO2A+YWrxjV1pb8VmyFSksVhgeG2QH4A+gk=","EznBU4FFwMUCntcdXsZAPl1JB012nx/BRKNO2EcmjHA=","oNBZ5AtQfak2ulkP1QOdauKqFQ3lNYKeFjGKv+0lmek=","IcHNu2dkDA9d3sKDR4oXgfrLNcAIGCQ3RMTLqcTOWBI=","QtqcAvGvBbQVwuaFy1E4EjgPDybcp7w1o+IR1kgVf0c=","KXZ6J4EOuSkHai2d5dnTHU9/EFEfGFQzhBPdc6zMiR4=","+9H43sxOv/lwtYf9kjA15dq8zbJBKX+S8XZ7d7/UBMk=","M4JahP7Fbwt0lbgeaUoIkTlN/lwv4PyUjYjxLysijR8=","z9UNDHsls80SC7qmAXHVk2RSVS6xyFs4LZlgyuVBHFc=","Yv1N3SWvmAo4jk0dVxkMaiwm7/9eV2IpQ6j5uZg31V0=","VGCOZvIJAzSdaGxouQq+Zgz/vX/dIKPcNo06qcpfx5k=","MT2fI7icicdGlt267tlVmXoX3Hs1/8EC8yFB/aEEeAE=","Kp8ccuGPE57dV9aXrwqKP0lGEbzFOcZQTng58eKlbPQ=","1zv0LISZl0RSOnXLLs0ZPlK4WPvZ9sgKAtkmavf73vc=","td3svWUpS7CLeY28T9fZV6JnQ+wUCKQZDHK4GgPJR1M=","WVfPuQ2dTBMQxOEwiBNOdcCv/RnvYO0kSdvlzTOERN0=","XyXioWS2hcw1VFgKdnPMgFllhRxfCNh9+Lj5zhGbUes=","pwCxsnJXN8We0AmZ3P/2sDZtlXsQnNqbN4BCw3BJCfw=","odkbHh1jzxBNGjr8WlnoVDNKiow5eR1aERmN6gjL/0E=","EsoO2VtcgMUVYCv0rfCCA0yLB31QHWsvWkKA6f+kwRA=","JJ0HeHG3VGrLjIvxOLRSZD4u2A0BSx5Y9u2EH1BFldU=","0ztbCxX3LpZ2P1m99Z6G/ng+VcSX1b8fgwT97u1lseY=","QH57ViKwjLs9tXBLqWBN6raE6C9jSbYehjCxFbyg9tE=","5iBlwHEcabavthLWaQWFfwK8lWuI55BPxnDw3U4mEgc=","YQ8hguGKSKbId3/gAEUuL7fv3SxwkJxwkjxQaF1riL4=","yANirCkICiddm0PnTJm+vADJYW4e25Rkt40wsJK8XDQ=","sbdOKAxCo8weMXZ6vnusC7iL4NedDdlCJgQE5hMhYRU=","2K4Z0+5wDhM22jhdU4vNiPL8aF3Okk2MCp2M/8nVT84=","vOgNFQSoPaO6pvLC+JzJHtHjpwGY+Hny/OcD7JJdgW0=","RnN6XGHvIau60Eig1gcuBMjrGDBBeBLVrfB8q+r7U4A=","le/wXDwovpyznBYc+Fii8h19sMA113os+kEK5SEvKLE=","q6BxyOFNrOX53106d0aSGr/u3VhSAPeCsvRrUJDWjd4=","5SZIDGqi9wknCP/sIxmFUtMtBpOOfPsEsgHJubxG6DQ=","XIYvtzTUeCIWdHKHb7ZKkwJgJ5B3F5/YD1/N1s/LR3M=","UgmvnRL3MefDbxd7zkF49uCmoup1sQ/YP0Dnye9PNCc=","LC2FPGNG5qxLa5e0/fbUexMs6KDTD5qEcwSP8guNAfc=","0Jk8iui6PLuRNYPkESWT2b8c1++S4mp3toS0jkAMdEU=","CkeAfmVz3dt1bHyfh/2XBu+b3Tuuh/uISvTCz6G/O+M=","5yTIzwm999XvfwvfQ4SgWhMCAnQNlSrtW1mvKdPJmkU=","Ueh3EHFTsECHEIb1FTggCggJLa/qaYpVjbax3DgV7E4=","kCZh+/90HPhVKeBRgfrQZdoC9DTcOpfOEhVtmj8XUoU=","1TrnCLiQ+BbwZ8rR3fczQyY1Wc9t6NCBSswuJAcTI+A=","YYlGP5SARbxnNZMHd5W2Ikik4Ejk6+0Wi8p1Bg7viXw=","qA5SSROKfwIXOG3QSRz9+bkkSCNdLAYABXDySSiU1tA=","y9S7LQXm37j/n9Kk2o9TeoVvtOjpyMW0hkl1NPJVXFc=","wXK6BbIJWQUhjTgAWwdZAFrMOy6p/4Kgj6ZzapbTex0=","fBDVxMKGA3UFCcS4pTUZRALIkdzLGf4sE/MOB9USwys=","bhtVGa/votx3TthGLWPn9A7nMZkdzIG1YRT+Pilms60=","BerKTXkF1DlXHETYRYImxNgXZsx4XMxPFf6D96cSExc=","IdXVJxk07zlNxp5FarDHb1F9EFvjtN7kUaidLQZy1Xs=","Jr42OWZ8jBGU4PAKAQLBP8lUaJJgfc2a0/0eXbUzb/o=","O89/vaXpSlkY1iLS1qIpIu7sL6IxG5YE2f02WMuuJms=","M6jgKk1/Tr5lFem7897sg3WEWJwkrCU9BknnsWdhiEo=","xH8LOB7RUulbOKpINlFyiuTC5f1oUrOtgxJYZ+r2dm4=","aDUYe0MfCKas/6cYnTvEs3D8Hz2PPbfbLRUZz7M8M7o=","StkgWxJFS0l5/nbNxrc2dMQNHWxXXzwmwUgRVla+4/g=","bF7/eXFrO08w6mST0XNncKO9gINvffmLKItrL8EBUaY=","13Yz1GBcwQAtmzCoFFXaNblOKZ6Yd9bebunn7JN30ak=","4Nq3+D3lyM8DaCsVKOcHI9DXpoik/UBtiu/Ti74Lqu8=","uXzt4Rpup0s0RCoGQCcScVYJUutpFS60q/1dKaAT8LY=","zX54Vb7ZEVtETl9RfwCrBIyDGVGmet2ET1ScPLB/Y0E=","HrCIWRoZp9sQ5vhazN9auwq63P9hL3KRPYadetX0w3Y=","H6GBkrde2hND4D5zTmU+BmQBIurohrPKHqKaER7yKzY=","zz1b0OUb7xrofg277kdZe7SCGYBMcu+4sZLVvP7y2hw=","AakNQMYajKc5OHFAoLKlEChhWDc4XOYz7PyRvIZLSJY=","qJ9nI3Jfjamfknb9CHMPfLk0onB/GoIXwRMUX3KCe88=","WAn22EGVQEoUYlS0lPzQUC3laSN3HKxbbeh2oSHnQiI=","EA6x4JdIuabq08OY2Mluu7L+0esHm1S1ZQxUyYF9ZWA=","8dStitOjF+5rzOZd/jrDmy8yw9YZAc5y6iZA8IT0gXs=","kRLRPbfdTWv7mvNNCzIQDkB54yZIjd/CwXt62gWTPyI=","S2l35kDwMXfX3nnGQKjyhUiOW95gXngaPS889+dxEY8=","DzEQXTrVuGYSGj05ZSRCTpfe/kO6mpdQXSFUrCjD+Sw=","k5OPTBwnVZbxIXIPEd4rmjqKimf0vToz+LLqZCNBBkI=","saJ6/3b3yWg788I8ALV5znAsL0KavhO/dxhGzU9uEb0=","bfWS4MClNYtoDlk9V2XGn9yME+mLtkBDZv59SybfkQ4=","YpEd6X2jbLJUTGHrK+OetclnCb1gUWigv2hpPIMdXas=","IJtCJYDHrqneufxpcjlSqf/mKS70X03mdjOhQtDZBVc=","Kp9Jz6WUDnzbUImYkm51gmdCUQ9VTsXlfgDJJ2T0TLA=","6A5OLidQCpRl00gMpIfaDJBj8jbHusniOhli6DE7g1o=","ZbsoCLyu4Eyqh7TQ/4no/T7orXD+h8+qSpEdLtnqrI0=","gRY7cHUddQpwafNuNQno+cV63v8FRPI0u0VlRH2bG48=","YAJ33za26nf+fXPTTgsG7rYt2nfhgCuW+wHakIoeTcE=","ZSx6KxY6tkRD8u7VGre65qKZlsYtHEnLxcSWYFIaUSw=","K3BfHUQmoAlHIg7h0wqFEMmMzG9TUVC6R1l/wM4fIxE=","R3OztHIpraFwB0Ekek098TC/8eqbBk0lMV+Dhp5tFD8=","SYnkF3NEvoP3+tk1/DHyRjIMBGMB5NRur7sryF7MQx8=","ziSEXiDVB0l3AOl5kV8W7SYhfwao5ekEJwqx/7cFgDc=","MiT8L+HhYoftmtw1WD9S8BZTNJE2eAgDf4wtlJWJY2U=","P5oiWcu4pDQsF0KEUf/f210dRoE3eQ83dxdqnR5gx0U=","TrVJA5Up1xQr+TjHL48dXOWwFplwp3g8VQ+5NgkRRo4=","Q1pQw/Vlivya+TQv07DDHaMfGCeYav+2mPwrMYc87E0=","KGyPo1tWowvRPCtVawvlQrpJM492ELEHKDSXWt1uEJo=","9zI5SIPSDQPA4V2Oombt+4aUtN/NVTFvVjrk5mAv5BY=","cTXnb/wVb1A98BeUTg3khWoARlvJUzSMjJtnmu9aQuc=","xogJAfxnTGVGAu2Za7yHa4qOlgNSlfRVutC3xU3IK7E=","WKQ8fjGQpdSPuhVYIjtfLinuVfJhO5V5i4Q5iY7diKI=","X5hu6aBqGG156d8c++no+QSbJy0pPY7KuzwNsjcp5hc=","x2vqyd/BoYkMwnWCA8spoisWVPimZHA/I2m58TkYtQY=","xcsLKoz0UUi/YDd0XTjeWeb94gSQ2LNXTs/yZ74xeRY=","P662XRlbHHLyOL8Jf8iwtkMVNgak+AimFWhucdSlFXI=","WQKUe7fonu4oZMuT4HWcu71bZ3lqH1iXxby7GwyWJx0=","5/CUBdXbPuD6dv3B+a3byQ1fqgf1l91dDYhK1Ld8xvw=","dpks1tMVWGUetcTm2Z6CCQWu8HQ4TcXUIS46XXkNOlU=","bcaD5nFoEmw58rphgomBj7NmliyZiOWfcJLUgaAxKAQ=","fxhFZyKEn4ebUOdCjvx/CnWTrOrU86qMsBfu2UC6wIA=","h5H4e8d0LAcGmwJjiuNyW4dVl78A8ryMMU4vU3otHog=","op0j9nYjxFFezQiWd68hURJFEp6HBjOkXobrNqCDNQg=","rCtmmJMVhLlz68VoqBYGIlAq6rrE7STsfzEJ/aXir2Q=","q/oBnpSTbP/TgeogA83QS/tQExtor6QQOaIbSbMISbE=","j8ZdIe2lLVj1OUKa2Wx8nVTtWMas7YClDBdg6tZTInc=","Rlet4atBhBVrXDjLc/gtp+alL6zO30iV6EYlENlXrTw=","WjaMTc17aNal75PKHXhi9qqAsS6JRxU28KI6HpIluZw=","s9hWs+aJdx47909z3qSKTQeZumGMEGtNB/LCZ4pSRNc=","UPsswqIFGMbkF4DV1PJ5aegWsfl+IZO2shPQzrhkpJ0=","K/V+FcJ3oZRrzocFWZ9cyHoTFblZoMCr5nnRLRgNI+c=","Ba0zpF/9Hdjlr+ou0Ge5uDKu+WoKGlgT6BhbhH7quUY=","WUnskyXOxLH8iRtzCzTk00/okvfsArTSKi9BGE4nurU=","TD3zxQJDRPHEP6BuvalT0+LMO3pCOhEcEgz0igG2LIc=","Rtc5YZQQILWtNibWU1b6NnYKRDfiQQxvNLPXNMXOZ9M=","QJdoVJU77+BT+GRSC89RAKcSnWFPMLg/jnx987N6d7Y=","2oM6eSgrKJlzm591hIHEFYdbkbZl5kb+EwfahwKbr1A=","fbROHp7ZQxKLyT1tjALI3Et3VSNdM9n4P/PZOrwv4OQ=","yzMUVYdCEDa+bVGQia483iYR4RSkdoYndM5vsaLUg2k=","yK1ERuGaL0iNpd/c2qn8Hqi1Y1Hm32rOkXeVJlSd3Rc=","bjI72ot+S72Y+oKFPBKEt7GI4e1yN+E90iXMP3J97q8=","n/teaz7IVTnJdzpBm6jyoQNSeqdvYtT+x4LYIrA872k=","I4FsbqAfPz3gsK+GgfL7M5KxPzxpCJKeenKOXxRK6qY=","cwMfhIIWBbTQAJk4x94mjDwo81LYQvyd756JU1ERtQw=","ZCjaUPTIiSPinu91KE8BitGP7FPP7w1QFOqbh4ZnwYA=","e5qVLPMV/RHrgpN+lshU6pcLKZ2P+k8yy3y8HqeKEYY=","xPjADoyyAC//WOODb82fKUivEjo6WQy9EOTudnNNkC0=","Bwnspvaz2M07HiKV5eQAhoQOg8Jn3Ws0XATiiMKPyjw=","mNE4L0pQJvZqIi9gkFHv5VraE+T+s3VZ6v0e+qPgNiU=","gs1c9EOW9AtoqjpmRZchkMbPoCFJudTo2iglZPnb9HI=","15ACOAuapeMIltcEFgXaLsDuXi5kSeg1KfzeewPxnV8=","3fkypOKIWryDOigvkZzJ4sqJnARy3GMQyQOGGMhHLIc=","Ap3x1dUiAMyBsgSxmwS0Ivq/OVg1YBGBbzvyS3ZWVqk=","MzqYJgxkULV9OwZfYVbgw1ej5nfTm/Qfj1PYGNzHEwU=","D//23Trr53qgNOZLDtcht9aLI/zdfASpGMhlrGOdlYE=","2lG8FHz19jW+8X64bcxJbwqMJ70WL6+jDzAZZQ0ylJ8=","xa2acFqBAg7TsWhK/U/89cAMCv1msSkylQKgmaXgJUU=","C4A+4ulaNIwSmtrk44VfvsBqPnrJl39i/Q0wm7Rpm0M=","c4AyxbnBQyx3fxt4VYcaRVo5rhpNkwJoWwN9clVy8Zs=","3a5Kvo/CdHARF4xhAOXXV24RuM85M82BZwD9fdvwu7U=","uyRkDawtrnSPsfM0zSvFQsjS7VqpafK9WBprt9iYp8k=","0zeokR8n3YEOZKvzPAcU9F7RCSqqcURV53p8LFqEfqk=","kHw+TXSmu2NJ6xzuxI/TBxeanGvNmtX4yVC/BIwTGz0=","amHOj2wgZbObJTdWq+u5Ox6clvA0VTWc2QzpdjsZLQo=","2OAJiQ+cZRuaWJmUjAXERLNDbbjV+kwoyJGPq2jfVUc=","PwQOeU2rUCCC+/4bMxm9O5iVOT04sF7+ZjD7ObvScW0=","5is/xYycUyMS7PF7WGaQJaR11cEZsjGMZIwpWHMF93s=","iaoDeHpNaGFCg8ReaF6+ImjDiPjp6DZSiK6+0aBqKr0=","bxexGLocrJwule076TGpQcMI+EOEbT+HyDiTIjjyt70=","QTJIFR/s2jGmMSAq5Qeei2P0CUUier46XLkvd+ILhR4=","cP8M6sZnTSUIx79R6svROPeQZ9wzPwnygXlgIJ0IJz4=","+k/nmZtu4TR/T94skY0t4wsn0CrdlnJ2W9WLyzX6o4Y=","uk+0DVrgOcHpFNVo7QKN+2s/LbqetFjeilH9MlcRHHo=","hbUAauNUgj41ceMgIALaeO8g2mPrG54Opkp35h3AFHk=","UAL962LqaK5jKHwgkLSRN7QodwQQoWShPReed7UY5dg=","Dl569Qv5RFZC4obe3FaddsnVWI9bS/T40C6C7baxVKo=","Y0A9fntPQO/bwVN9tCDoajrdzROwLjoNOwytQ+YSD0w=","SVUtnP8iykovkgCLisXtmwAOO1/qrN63rWRC37VSBIg=","q67EvypBdquTFy/AHWS+4Jfw+EH9W7Goj4hqhKGvDUI=","vfR+atx9OiZRsS0sSGNYgJz52/1YNDevL789qeFA464=","JlRKIvi0uKWG/MRbN5gPWAQThxMtODT8O2wA5gyywkQ=","rxwok9BNeS4SJFQgDZulFq43pODl82wZSqQIqNCOxTA=","Idkjtbdc8TCvIOA1BECxdEx1E1Jba96MFoBmKhBFZss=","+1DDkRQjw7Kffdfh/2d5IbSjtaHJmIqvEjUlEIQbqdc=","//tSOLw6e3QOfrSMf1yPmhhrZ4CWRsQmf0oWkYcd3/4=","kwW25Gpddid3L8RS3K+ULpWZiD9QNYCjhX+BG2dPrmM=","AUriUfxh2CS8ioQx0lOzbj5nFpI63HdzKZiCQwA7NtY=","3nGNMBj3B8rb3/KxQ3h7cDqymEdWD2q9a01a1q1+Fi4=","Trp26/gnelXFy04DuCL9MCwARoB1GUaT0ZDFreazFWU=","s/+M7+xJxvw1LmrTsI5iTt5DdRN80hE7GqhJhYpHK1c=","Y97Nd6xlPTJWpIt2/UAN61k67pBv/2OiqNGQB6qhoVA=","FaNCh1X63CnLlqZe57l09eojuaRxVkXNwiRdhGyFAHs=","0jnN87YNKa6l6VXZJ5USkgv+e4MvjYQP4+g/WKUoY9o=","VzRMtqJLV9Oh3dIRngSfIX2jODbsE1LBLtz/UIri2WY=","uk9/tKGzcQdTl3vWVFgeUBXIxkxkTtHyG+Bhifu20LI=","zgnceT1dhX+wd0Qk4ah+LkBS6Ma9BfPJ1sLX48rCxqk=","HatOGi1qPKFteCMeQSgdvSKobGshJRtsiahseeaUKZg=","7O0hen9BW/q1TA2TnyRw+GQiDtSnjBjT7vmnchSC70Y=","ZoprxUymxTOC/F/tKgMNKQ5gUqgQuqCgz75he2WvISY=","7nmiwPOlLabT9tg5lFU7wRXG4t+Vp3LU4O+ZE4X440I=","MpIW8cMHLdHS5sYaAboRtO6cEkiTADsDuI+eR47J/F0=","7xIwKjskYU5Fgeh/tH/kJGMPqcsQOdrO+hteHWK1r+s=","2RlA5tXYqUwKST0RdC0LEjBGrBgXR+Z8XG18uWZIpdY=","u47DPPxeIbbEezDIE4ggJHwBZ02w+vKFfNicaz9cpO0=","VpRv3JwjMz8+ucmr2fcOXTVLiyQXVTmaNTFRTB9j9uM=","Baj57cFlQZbe9m05juWhnfeqc+G30aw85npxX/GONpw=","MNuA75cbBg2L7wTx+N6e7TM/OIzfqbC1XtdY4LvfKw4=","ZyWVG+uJP0GzxOEPOBpRtU1KQbjCUzzmDbbyZ1sTieI=","erCo9GnJAhRbMkDQz7p9eI8qHGEQUEKgO+ZwFz0lH7Q=","pq0xxrlsVAF1DoXgIh9B0daKAXlLMEaW2D1bFXNsh7c=","zpWzWiG5mj9OXZelQbml2vSsFMBh3kFAgblCj35pgms=","PDdGAgx0jnCXhoI4pE3roisaK4WI7KszFIZRMU2psHw=","NJjsRV9gqxtYDFx3asoESrv1BTMcOASIotkTFfFzP4k=","RDeCuKthPCgfiCqY9lHYj5iu5TxIRgoaSwWg9bZVzog=","pVZm4w1bEqc3bG5Hcy7tG4yZAeJrxe78RiCkNO5HxPk=","AyAufSmoxR8EPqaJuZBLSmfHt0SbfuG3GMFqWgxz5Pw=","bRWWLtcpQZWDue/R7skRhlHTranVKUBneoJC5ffeAAg=","FdjiMZyBzPNUOp1a5kgslrM5EzT2u3mzg2C1dOx0How="],"block_size":4096,"path":"build/devtools.js"},{"block_hashes":["zOWKfm9de4hcNTzeSd9k6CAMIdTqkWr/cRCbcGzMJQI=","bkyGcohE8w6MLNoekAkdhzfmgjn0MpixucaokfRYzBA="],"block_size":4096,"path":"build/devtools.js.LICENSE.txt"},{"block_hashes":["W1OpFpiLIkKcGAaCI7ZlrBBBtABp//9G5kCzRoJnFFA=","kfpSyFiJ1GhNa5I7FMl8clAV3JRlI8ZzfSaNx4XJa28="],"block_size":4096,"path":"build/hook.js"},{"block_hashes":["65O8deI8vZ/9drMr8RZp8nKoADnVhnt6vlqP/RjynFU="],"block_size":4096,"path":"build/proxy.js"},{"block_hashes":["6s2BPAFo79KIymC5B1ATmPgTpPrkPembG2uBocDSb8c="],"block_size":4096,"path":"devtools-background.html"},{"block_hashes":["fXrHZouAqkWXzG2wY+ZmwT1hOuXqzMThizDjrkg740o="],"block_size":4096,"path":"devtools.html"},{"block_hashes":["12HrW7luA0JEFCa4Qvr5FYck5I9mnW76X5pSNKJsnUI=","p2jasEfEhIk35+bLyKFD/BO9x8KxgTgU9AR78cBq8/k=","ynR6+T7NOchS8AZ1yn3B/zeuyO6utlQP0KYkhZQ7RCI="],"block_size":4096,"path":"icons/128.nuxt.png"},{"block_hashes":["yIEXFuLjwJf74jtQMoPlSiA7b2RwKrjDiUiPp/midDE=","iYpKmFQiWaQ9PLSuFW/wjDM/GoQvtCulo05IWv+VHGE="],"block_size":4096,"path":"icons/128.png"},{"block_hashes":["RXEkrVdOeG1ZEgEWI+kAPClz4IoHL6flDD9DA1jeh/c="],"block_size":4096,"path":"icons/16.nuxt.png"},{"block_hashes":["LFpJgrLm8M0KM05TqFVKGrXp0edNapDDkcAr6PRuL/g="],"block_size":4096,"path":"icons/16.png"},{"block_hashes":["wAvWTaj1L4UqmSLBvnZ3yD/Vxch8fDX0zVLMezMcHK8="],"block_size":4096,"path":"icons/48.nuxt.png"},{"block_hashes":["kQrCnxI2Zact7HHi8qQp2xkA7GcRQCB6s5HdOfuyARk="],"block_size":4096,"path":"icons/48.png"},{"block_hashes":["3Cem3JRJ1huFfdZl8E1OH92o98oTJTWR9pa/wtagkWY="],"block_size":4096,"path":"package.json"},{"block_hashes":["WnOjrFiljUPKGusM8KJ3WQho8yhhQRpNg0KQbfie/aI="],"block_size":4096,"path":"popups/disabled.html"},{"block_hashes":["mTXu9LZsGiR+MWf4aihmfIXCn2L8srS8SNdDZvUTxW0="],"block_size":4096,"path":"popups/disabled.nuxt.html"},{"block_hashes":["hQpLcfZ6eb8VXKwyY9uXUWk8N2u6IpSKivC+o/zMek4="],"block_size":4096,"path":"popups/enabled.html"},{"block_hashes":["7Vbgytq7smmFLHcAB9KGJ9O8kab/3F6itDd0ImTWDl0="],"block_size":4096,"path":"popups/enabled.nuxt.html"},{"block_hashes":["781HwoAgmZsahkwxfcNCpwjrfJu+KSzzHOYjSj6/g8g="],"block_size":4096,"path":"popups/not-found.html"},{"block_hashes":["LnR8NcldUZ57+oj2ck0+VWdsChW2iBynb4m/ayXzgSM="],"block_size":4096,"path":"popups/popup.css"}],"version":2}